﻿"Cube Title","Product Id","CANSIM Id",URL,"Cube Notes","Archive Status",Frequency,"Start Reference Period","End Reference Period","Total number of dimensions"
"Gross domestic product (GDP) at basic prices, by sector and industry, provincial and territorial",36100487,381-0030,"https://www150.statcan.gc.ca/t1/tbl1/en/tv.action?pid=3610048701",1;2;3;5,"CURRENT - a cube available to the public and that is current",Annual,1997-01-01,2015-01-01,2

"Dimension ID","Dimension name","Dimension Notes","Dimension Definitions"
1,Geography,,
2,Industry,,

"Dimension ID","Member Name","Classification Code","Member ID","Parent Member ID",Terminated,"Member Notes","Member Definitions"
1,Canada,[11124],1,,,,
1,"Newfoundland and Labrador",[10],2,1,,,
1,"Prince Edward Island",[11],3,1,,,
1,"Nova Scotia",[12],4,1,,,
1,"New Brunswick",[13],5,1,,,
1,Quebec,[24],6,1,,,
1,Ontario,[35],7,1,,,
1,Manitoba,[46],8,1,,,
1,Saskatchewan,[47],9,1,,,
1,Alberta,[48],10,1,,,
1,"British Columbia",[59],11,1,,,
1,Yukon,[60],12,1,,,
1,"Northwest Territories",[61],13,1,,,
1,Nunavut,[62],14,1,,,
1,"Canadian territorial enclaves abroad",,15,1,,,
2,"Total industries",,1,,,,
2,"Crop and animal production",[BS11A],2,1,,,
2,"Crop production (except cannabis, greenhouse, nursery and floriculture production)",[BS111A00],3,272,,,
2,"Greenhouse, nursery and floriculture production (except cannabis)",[BS1114A0],4,272,,,
2,"Animal production and aquaculture",[BS112000],5,272,,,
2,"Forestry and logging",[BS113],6,1,,,
2,"Forestry and logging",[BS113000],7,273,,,
2,"Fishing, hunting and trapping",[BS114],8,1,,,
2,"Fishing, hunting and trapping",[BS114000],9,274,,,
2,"Support activities for agriculture and forestry",[BS115],10,1,,,
2,"Support activities for crop and animal production",[BS115A00],11,275,,,
2,"Support activities for forestry",[BS115300],12,275,,,
2,"Mining, quarrying, and oil and gas extraction",[BS210],13,1,,,
2,"Oil and gas extraction (except oil sands)",[BS211110],14,277,,,
2,"Oil sands extraction",[BS211140],15,277,,,
2,"Coal mining",[BS212100],16,278,,,
2,"Iron ore mining",[BS212210],17,279,,,
2,"Gold and silver ore mining",[BS212220],18,279,,,
2,"Copper, nickel, lead and zinc ore mining",[BS212230],19,279,,,
2,"Other metal ore mining",[BS212290],20,279,,,
2,"Stone mining and quarrying",[BS212310],21,280,,,
2,"Sand, gravel, clay, and ceramic and refractory minerals mining and quarrying",[BS212320],22,280,,,
2,"Diamond mining",[BS212392],23,280,,,
2,"Other non-metallic mineral mining and quarrying (except diamond and potash)",[BS21239A],24,280,,,
2,"Potash mining",[BS212396],25,280,,,
2,"Support activities for oil and gas extraction",[BS21311A],26,282,,,
2,"Support activities for mining",[BS21311B],27,282,,,
2,Utilities,[BS220],28,1,,,
2,"Electric power generation, transmission and distribution",[BS221100],29,283,,,
2,"Natural gas distribution",[BS221200],30,284,,,
2,"Water, sewage and other systems",[BS221300],31,284,,,
2,"Residential building construction",[BS23A],32,1,,,
2,"Residential building construction",[BS23A000],33,285,,,
2,"Non-residential building construction",[BS23B],34,1,,,
2,"Non-residential building construction",[BS23B000],35,286,,,
2,"Engineering construction",[BS23C],36,1,,,
2,"Transportation engineering construction",[BS23C100],37,287,,,
2,"Oil and gas engineering construction",[BS23C200],38,288,,,
2,"Electric power engineering construction",[BS23C300],39,289,,,
2,"Communication engineering construction",[BS23C400],40,290,,,
2,"Other engineering construction",[BS23C500],41,291,,,
2,"Repair construction",[BS23D],42,1,,,
2,"Repair construction",[BS23D000],43,292,,,
2,"Other activities of the construction industry",[BS23E],44,1,,,
2,"Other activities of the construction industry",[BS23E000],45,293,,,
2,Manufacturing,[BS3A0],46,1,,,
2,"Animal food manufacturing",[BS311100],47,294,,,
2,"Sugar and confectionery product manufacturing",[BS311300],48,295,,,
2,"Fruit and vegetable preserving and specialty food manufacturing",[BS311400],49,296,,,
2,"Dairy product manufacturing",[BS311500],50,297,,,
2,"Meat product manufacturing",[BS311600],51,298,,,
2,"Seafood product preparation and packaging",[BS311700],52,299,,,
2,"Grain and oilseed milling",[BS311200],53,300,,,
2,"Bakeries and tortilla manufacturing",[BS311800],54,300,,,
2,"Other food manufacturing",[BS311900],55,300,,,
2,"Soft drink and ice manufacturing",[BS312110],56,301,,,
2,Breweries,[BS312120],57,302,,,
2,"Wineries and distilleries",[BS3121A0],58,303,,,
2,"Tobacco manufacturing",[BS312200],59,304,,,
2,"Textile and textile product mills",[BS31A000],60,305,,,
2,"Clothing and leather and allied product manufacturing",[BS31B000],61,306,,,
2,"Sawmills and wood preservation",[BS321100],62,307,,,
2,"Veneer, plywood and engineered wood product manufacturing",[BS321200],63,307,,,
2,"Other wood product manufacturing",[BS321900],64,307,,,
2,"Pulp, paper and paperboard mills",[BS322100],65,308,,,
2,"Converted paper product manufacturing",[BS322200],66,309,,,
2,"Printing and related support activities",[BS323000],67,310,,,
2,"Petroleum refineries",[BS324110],68,312,,,
2,"Petroleum and coal product manufacturing (except petroleum refineries)",[BS3241A0],69,312,,,
2,"Basic chemical manufacturing",[BS325100],70,313,,,
2,"Pesticide, fertilizer and other agricultural chemical manufacturing",[BS325300],72,315,,,
2,"Pharmaceutical and medicine manufacturing",[BS325400],73,316,,,
2,"Soap, cleaning compound and toilet preparation manufacturing",[BS325600],75,401,,,
2,"Other chemical product manufacturing",[BS325900],76,401,,,
2,"Plastic product manufacturing",[BS326100],77,318,,,
2,"Rubber product manufacturing",[BS326200],78,319,,,
2,"Non-metallic mineral product manufacturing (except cement and concrete products)",[BS327A00],79,320,,,
2,"Cement and concrete product manufacturing",[BS327300],80,321,,,
2,"Iron and steel mills and ferro-alloy manufacturing",[BS331100],81,322,,,
2,"Steel product manufacturing from purchased steel",[BS331200],82,322,,,
2,"Alumina and aluminum production and processing",[BS331300],83,322,,,
2,"Non-ferrous metal (except aluminum) production and processing",[BS331400],84,322,,,
2,Foundries,[BS331500],85,322,,,
2,"Forging and stamping",[BS332100],86,323,,,
2,"Cutlery, hand tools and other fabricated metal product manufacturing",[BS332A00],87,323,,,
2,"Architectural and structural metals manufacturing",[BS332300],88,323,,,
2,"Boiler, tank and shipping container manufacturing",[BS332400],89,323,,,
2,"Hardware manufacturing",[BS332500],90,323,,,
2,"Spring and wire product manufacturing",[BS332600],91,323,,,
2,"Machine shops, turned product, and screw, nut and bolt manufacturing",[BS332700],92,323,,,
2,"Coating, engraving, heat treating and allied activities",[BS332800],93,323,,,
2,"Agricultural, construction and mining machinery manufacturing",[BS333100],94,324,,,
2,"Industrial machinery manufacturing",[BS333200],95,325,,,
2,"Commercial and service industry machinery manufacturing",[BS333300],96,325,,,
2,"Ventilation, heating, air-conditioning and commercial refrigeration equipment manufacturing",[BS333400],97,324,,,
2,"Metalworking machinery manufacturing",[BS333500],98,324,,,
2,"Engine, turbine and power transmission equipment manufacturing",[BS333600],99,324,,,
2,"Other general-purpose machinery manufacturing",[BS333900],100,324,,,
2,"Computer and peripheral equipment manufacturing",[BS334100],101,326,,,
2,"Communications equipment manufacturing",[BS334200],102,327,,,
2,"Other electronic product manufacturing",[BS334A00],103,327,,,
2,"Semiconductor and other electronic component manufacturing",[BS334400],104,327,,,
2,"Electric lighting equipment manufacturing",[BS335100],105,328,,,
2,"Electrical equipment manufacturing",[BS335300],106,328,,,
2,"Other electrical equipment and component manufacturing",[BS335900],107,328,,,
2,"Household appliance manufacturing",[BS335200],108,329,,,
2,"Automobile and light-duty motor vehicle manufacturing",[BS336110],109,331,,,
2,"Heavy-duty truck manufacturing",[BS336120],110,331,,,
2,"Motor vehicle body and trailer manufacturing",[BS336200],111,332,,,
2,"Motor vehicle gasoline engine and engine parts manufacturing",[BS336310],112,334,,,
2,"Motor vehicle electrical and electronic equipment manufacturing",[BS336320],113,334,,,
2,"Motor vehicle steering and suspension components (except spring) manufacturing",[BS336330],114,334,,,
2,"Motor vehicle brake system manufacturing",[BS336340],115,334,,,
2,"Motor vehicle transmission and power train parts manufacturing",[BS336350],116,334,,,
2,"Motor vehicle seating and interior trim manufacturing",[BS336360],117,334,,,
2,"Motor vehicle metal stamping",[BS336370],118,334,,,
2,"Other motor vehicle parts manufacturing",[BS336390],119,334,,,
2,"Aerospace product and parts manufacturing",[BS336400],120,335,,,
2,"Railroad rolling stock manufacturing",[BS336500],121,336,,,
2,"Ship and boat building",[BS336600],122,337,,,
2,"Other transportation equipment manufacturing",[BS336900],123,338,,,
2,"Household and institutional furniture and kitchen cabinet manufacturing",[BS337100],124,339,,,
2,"Office furniture (including fixtures) manufacturing",[BS337200],125,339,,,
2,"Other furniture-related product manufacturing",[BS337900],126,339,,,
2,"Medical equipment and supplies manufacturing",[BS339100],127,340,,,
2,"Other miscellaneous manufacturing",[BS339900],128,340,,,
2,"Wholesale trade",[BS410],129,1,,,
2,"Farm product wholesaler-distributors",[BS411000],130,342,,,
2,"Petroleum product wholesaler-distributors",[BS412000],131,342,,,
2,"Food, beverage and tobacco wholesaler-distributors",[BS413000],132,342,,,
2,"Personal and household goods wholesaler-distributors",[BS414000],133,342,,,
2,"Motor vehicle and parts wholesaler-distributors",[BS415000],134,342,,,
2,"Building material and supplies wholesaler-distributors",[BS416000],135,342,,,
2,"Machinery, equipment and supplies wholesaler-distributors",[BS417000],136,342,,,
2,"Miscellaneous wholesaler-distributors",[BS418000],137,342,,,
2,"Wholesale electronic markets, and agents and brokers",[BS419000],138,342,,,
2,"Retail trade",[BS4A0],139,1,,,
2,"Motor vehicle and parts dealers",[BS441000],140,344,,,
2,"Furniture and home furnishings stores",[BS442000],141,344,,,
2,"Electronics and appliance stores",[BS443000],142,344,,,
2,"Building material and garden equipment and supplies dealers",[BS444000],143,344,,,
2,"Food and beverage stores",[BS445000],144,344,,,
2,"Health and personal care stores",[BS446000],145,344,,,
2,"Gasoline stations",[BS447000],146,344,,,
2,"Clothing and clothing accessories stores",[BS448000],147,344,,,
2,"Sporting goods, hobby, book and music stores",[BS451000],148,344,,,
2,"General merchandise stores",[BS452000],149,344,,,
2,"Miscellaneous store retailers (except cannabis)",[BS453A00],150,344,,,
2,"Non-store retailers",[BS454000],151,344,,,
2,"Transportation and warehousing",[BS4B0],152,1,,,
2,"Air transportation",[BS481000],153,345,,,
2,"Rail transportation",[BS482000],154,346,,,
2,"Water transportation",[BS483000],155,347,,,
2,"Truck transportation",[BS484000],156,348,,,
2,"Urban transit systems",[BS485100],157,349,,,
2,"Other transit and ground passenger transportation and scenic and sightseeing transportation",[BS48A000],158,349,,,
2,"Taxi and limousine service",[BS485300],159,349,,,
2,"Support activities for transportation",[BS488000],160,349,,,
2,"Crude oil and other pipeline transportation",[BS486A00],161,350,,,
2,"Pipeline transportation of natural gas",[BS486200],162,350,,,
2,"Postal service, couriers and messengers",[BS49A000],163,351,,,
2,"Warehousing and storage",[BS493000],165,352,,,
2,"Information and cultural industries",[BS510],166,1,,,
2,"Motion picture and video industries (except exhibition)",[BS5121A0],167,353,,4,
2,"Motion picture and video exhibition",[BS512130],168,353,,,
2,"Sound recording industries",[BS512200],169,353,,,
2,"Radio and television broadcasting",[BS515100],170,354,,,
2,"Newspaper publishers",[BS511110],171,356,,,
2,"Periodical, book and directory publishers",[BS5111A0],172,356,,,
2,"Software publishers",[BS511200],173,355,,,
2,"Pay and specialty television",[BS515200],174,357,,,
2,Telecommunications,[BS517000],175,357,,,
2,"Other information services",[BS519000],176,357,,,
2,"Data processing, hosting, and related services",[BS518000],177,355,,,
2,"Finance, insurance, real estate, rental and leasing and holding companies",[BS5B0],178,1,,,
2,"Monetary authorities - central bank",[BS521000],179,358,,,
2,"Banking and other depository credit intermediation",[BS5221A0],180,358,,,
2,"Local credit unions",[BS522130],181,358,,,
2,"Insurance carriers",[BS524100],182,359,,,
2,"Lessors of real estate",[BS531100],183,360,,,
2,"Automotive equipment rental and leasing",[BS532100],184,361,,,
2,"Rental and leasing services (except automotive equipment)",[BS532A00],185,362,,,
2,"Lessors of non-financial intangible assets (except copyrighted works)",[BS533000],186,362,,,
2,"Non-depository credit intermediation",[BS522200],187,364,,,
2,"Activities related to credit intermediation",[BS522300],188,364,,,
2,"Financial investment services, funds and other financial vehicles",[BS52A000],189,363,,,
2,"Agencies, brokerages and other insurance related activities",[BS524200],190,363,,,
2,"Offices of real estate agents and brokers and activities related to real estate",[BS531A00],191,363,,,
2,"Holding companies",[BS551113],192,363,,,
2,"Owner occupied dwellings",[BS53C],193,1,,,
2,"Owner-occupied dwellings",[BS5311A0],194,365,,,
2,"Professional, scientific and technical services",[BS540],195,1,,,
2,"Legal services",[BS541100],196,367,,,
2,"Accounting, tax preparation, bookkeeping and payroll services",[BS541200],197,367,,,
2,"Architectural, engineering and related services",[BS541300],198,366,,,
2,"Specialized design services",[BS541400],199,369,,,
2,"Management, scientific and technical consulting services",[BS541600],200,369,,,
2,"Scientific research and development services",[BS541700],201,369,,,
2,"Other professional, scientific and technical services",[BS541900],202,369,,,
2,"Computer systems design and related services",[BS541500],203,368,,,
2,"Advertising, public relations, and related services",[BS541800],204,370,,,
2,"Administrative and support, waste management and remediation services",[BS560],205,1,,,
2,"Office administrative services",[BS561100],206,372,,,
2,"Facilities and other support services",[BS561A00],207,372,,,
2,"Employment services",[BS561300],208,372,,,
2,"Business support services",[BS561400],209,372,,,
2,"Travel arrangement and reservation services",[BS561500],210,371,,,
2,"Investigation and security services",[BS561600],211,371,,,
2,"Services to buildings and dwellings",[BS561700],212,371,,,
2,"Waste management and remediation services",[BS562000],213,373,,,
2,"Educational services",[BS610],214,1,,,
2,"Educational services",[BS610000],215,374,,,
2,"Health care and social assistance",[BS620],216,1,,,
2,"Offices of physicians",[BS621100],217,375,,,
2,"Offices of dentists",[BS621200],218,375,,,
2,"Miscellaneous ambulatory health care services",[BS621A00],219,375,,,
2,"Nursing and residential care facilities",[BS623000],220,375,,,
2,"Social assistance",[BS624000],221,375,,,
2,"Arts, entertainment and recreation",[BS710],222,1,,,
2,"Performing arts, spectator sports and related industries, and heritage institutions",[BS71A000],223,376,,,
2,"Amusement and recreation industries",[BS713A00],224,376,,,
2,"Gambling industries",[BS713200],225,376,,,
2,"Accommodation and food services",[BS720],226,1,,,
2,"Traveller accommodation",[BS721100],227,377,,,
2,"Recreational vehicle (RV) parks, recreational camps, and rooming and boarding houses",[BS721A00],228,377,,,
2,"Food services and drinking places",[BS722000],229,377,,,
2,"Other services (except public administration)",[BS810],230,1,,,
2,"Automotive repair and maintenance",[BS811100],231,378,,,
2,"Repair and maintenance (except automotive)",[BS811A00],232,378,,,
2,"Personal care services and other personal services",[BS812A00],233,379,,,
2,"Funeral services",[BS812200],234,379,,,
2,"Dry cleaning and laundry services",[BS812300],235,379,,,
2,"Private households",[BS814000],236,379,,,
2,"Professional and similar organizations",[BS813000],237,380,,,
2,"Repair, maintenance and operating and office supplies",[FC100],238,1,,,
2,"Repair and maintenance",[FC110000],239,381,,,
2,"Operating supplies",[FC120000],240,382,,,
2,"Office supplies",[FC130000],241,383,,,
2,"Advertising, promotion, meals, entertainment, and travel",[FC200],242,1,,,
2,"Advertising, promotion, meals and entertainment",[FC210000],243,385,,,
2,"Travel, meetings and conventions",[FC220000],244,385,,,
2,"Transportation margins",[FC300],245,1,,,
2,"Transportation margins",[FC300000],246,386,,,
2,"Non-profit institutions serving households",[NP000],247,1,,,
2,"Educational services",[NP610000],248,387,,,
2,"Social assistance",[NP624000],249,388,,,
2,"Arts, entertainment and recreation",[NP710000],250,389,,,
2,"Religious organizations",[NP813100],251,390,,,
2,"Ambulatory health care services",[NP621000],252,392,,,
2,"Grant-making, civic, and professional and similar organizations",[NP813A00],253,392,,,
2,"Other non-profit institutions serving households",[NP999999],254,392,,,
2,"Government education services",[GS610],255,1,,,
2,"Elementary and secondary schools",[GS611100],256,393,,,
2,"Community colleges and C.E.G.E.P.s",[GS611200],257,393,,,
2,"Other educational services",[GS611A00],258,393,,,
2,Universities,[GS611300],259,394,,,
2,"Government health services",[GS620],260,1,,,
2,Hospitals,[GS622000],261,395,,,
2,"Nursing and residential care facilities",[GS623000],262,396,,,
2,"Other federal government services",[GS911],263,1,,,
2,"Defence services",[GS911100],264,397,,,
2,"Other federal government services (except defence)",[GS911A00],265,397,,,
2,"Other provincial and territorial government services",[GS912],266,1,,,
2,"Other provincial and territorial government services",[GS912000],267,398,,,
2,"Other municipal government services",[GS913],268,1,,,
2,"Other municipal government services",[GS913000],269,399,,,
2,"Other aboriginal government services",[GS914],270,1,,,
2,"Other aboriginal government services",[GS914000],271,400,,,
2,"Crop and animal production (except cannabis)",[BS11B00],272,2,,,
2,"Forestry and logging",[BS11300],273,6,,,
2,"Fishing, hunting and trapping",[BS11400],274,8,,,
2,"Support activities for agriculture and forestry",[BS11500],275,10,,,
2,"Oil and gas extraction",[BS21100],276,13,,,
2,"Oil and gas extraction",[BS211000],277,276,,,
2,"Coal mining",[BS21210],278,13,,,
2,"Metal ore mining",[BS21220],279,13,,,
2,"Non-metallic mineral mining and quarrying",[BS21230],280,13,,,
2,"Support activities for mining and oil and gas extraction",[BS21300],281,13,,,
2,"Support activities for mining and oil and gas extraction",[BS213000],282,281,,,
2,"Electric power generation, transmission and distribution",[BS22110],283,28,,,
2,"Natural gas distribution, water, sewage and other systems",[BS221A0],284,28,,,
2,"Residential building construction",[BS23A00],285,32,,,
2,"Non-residential building construction",[BS23B00],286,34,,,
2,"Transportation engineering construction",[BS23C10],287,36,,,
2,"Oil and gas engineering construction",[BS23C20],288,36,,,
2,"Electric power engineering construction",[BS23C30],289,36,,,
2,"Communication engineering construction",[BS23C40],290,36,,,
2,"Other engineering construction",[BS23C50],291,36,,,
2,"Repair construction",[BS23D00],292,42,,,
2,"Other activities of the construction industry",[BS23E00],293,44,,,
2,"Animal food manufacturing",[BS31110],294,46,,,
2,"Sugar and confectionery product manufacturing",[BS31130],295,46,,,
2,"Fruit and vegetable preserving and specialty food manufacturing",[BS31140],296,46,,,
2,"Dairy product manufacturing",[BS31150],297,46,,,
2,"Meat product manufacturing",[BS31160],298,46,,,
2,"Seafood product preparation and packaging",[BS31170],299,46,,,
2,"Miscellaneous food manufacturing",[BS311A0],300,46,,,
2,"Soft drink and ice manufacturing",[BS31211],301,46,,,
2,Breweries,[BS31212],302,46,,,
2,"Wineries and distilleries",[BS3121A],303,46,,,
2,"Tobacco manufacturing",[BS31220],304,46,,,
2,"Textile and textile product mills",[BS31A00],305,46,,,
2,"Clothing and leather and allied product manufacturing",[BS31B00],306,46,,,
2,"Wood product manufacturing",[BS32100],307,46,,,
2,"Pulp, paper and paperboard mills",[BS32210],308,46,,,
2,"Converted paper product manufacturing",[BS32220],309,46,,,
2,"Printing and related support activities",[BS32300],310,46,,,
2,"Petroleum and coal product manufacturing",[BS32400],311,46,,,
2,"Petroleum and coal product manufacturing",[BS324000],312,311,,,
2,"Basic chemical manufacturing",[BS32510],313,46,,,
2,"Pesticide, fertilizer and other agricultural chemical manufacturing",[BS32530],315,46,,,
2,"Pharmaceutical and medicine manufacturing",[BS32540],316,46,,,
2,"Plastic product manufacturing",[BS32610],318,46,,,
2,"Rubber product manufacturing",[BS32620],319,46,,,
2,"Non-metallic mineral product manufacturing (except cement and concrete products)",[BS327A0],320,46,,,
2,"Cement and concrete product manufacturing",[BS32730],321,46,,,
2,"Primary metal manufacturing",[BS33100],322,46,,,
2,"Fabricated metal product manufacturing",[BS33200],323,46,,,
2,"Machinery manufacturing",[BS33300],324,46,,,
2,"Industrial, commercial and service industry machinery manufacturing",[BS333A00],325,324,,,
2,"Computer and peripheral equipment manufacturing",[BS33410],326,46,,,
2,"Electronic product manufacturing",[BS334B0],327,46,,,
2,"Electrical equipment and component manufacturing",[BS335A0],328,46,,,
2,"Household appliance manufacturing",[BS33520],329,46,,,
2,"Motor vehicle manufacturing",[BS33610],330,46,,,
2,"Motor vehicle manufacturing",[BS336100],331,330,,,
2,"Motor vehicle body and trailer manufacturing",[BS33620],332,46,,,
2,"Motor vehicle parts manufacturing",[BS33630],333,46,,,
2,"Motor vehicle parts manufacturing",[BS336300],334,333,,,
2,"Aerospace product and parts manufacturing",[BS33640],335,46,,,
2,"Railroad rolling stock manufacturing",[BS33650],336,46,,,
2,"Ship and boat building",[BS33660],337,46,,,
2,"Other transportation equipment manufacturing",[BS33690],338,46,,,
2,"Furniture and related product manufacturing",[BS33700],339,46,,,
2,"Miscellaneous manufacturing",[BS33900],340,46,,,
2,"Wholesale trade",[BS41000],341,129,,,
2,"Wholesale trade",[BS410000],342,341,,,
2,"Retail trade (except cannabis)",[BS4AA00],343,139,,,
2,"Retail trade (except cannabis)",[BS4AA000],344,343,,,
2,"Air transportation",[BS48100],345,152,,,
2,"Rail transportation",[BS48200],346,152,,,
2,"Water transportation",[BS48300],347,152,,,
2,"Truck transportation",[BS48400],348,152,,,
2,"Transit, ground passenger and scenic and sightseeing transportation, taxi and limousine service and support activities for transportation",[BS48B00],349,152,,,
2,"Pipeline transportation",[BS48600],350,152,,,
2,"Postal service, couriers and messengers",[BS49A00],351,152,,,
2,"Warehousing and storage",[BS49300],352,152,,,
2,"Motion picture and sound recording industries",[BS51200],353,166,,,
2,"Radio and television broadcasting",[BS51510],354,166,,,
2,"Publishing, pay/specialty services, telecommunications and other information services",[BS51B00],355,166,,,
2,"Newspaper, periodical, book and directory publishers",[BS511100],356,355,,,
2,"Pay and specialty television, telecommunications and other information services",[BS51A000],357,355,,,
2,"Depository credit intermediation and monetary authorities",[BS52B00],358,178,,,
2,"Insurance carriers",[BS52410],359,178,,,
2,"Lessors of real estate",[BS53110],360,178,,,
2,"Rental and leasing services and lessors of non-financial intangible assets (except copyrighted works)",[BS53B00],361,178,,,
2,"Rental and leasing services (except automotive equipment) and lessors of non-financial intangible assets (except copyrighted works)",[BS53A000],362,361,,,
2,"Other finance, insurance and real estate services and management of companies and enterprises",[BS5A000],363,178,,,
2,"Non-depository credit intermediation and activities related to credit intermediation",[BS522A00],364,363,,,
2,"Owner-occupied dwellings",[BS5311A],365,193,,,
2,"Legal, accounting and architectural, engineering and related services",[BS541C0],366,195,,,
2,"Legal, accounting and related services",[BS541A00],367,366,,,
2,"Computer systems design and other professional, scientific and technical services",[BS541D0],368,195,,,
2,"Other professional, scientific and technical services including scientific research and development",[BS541B00],369,368,,,
2,"Advertising, public relations, and related services",[BS54180],370,195,,,
2,"Administrative and support services",[BS56100],371,205,,,
2,"Other administrative and support services",[BS561B00],372,371,,,
2,"Waste management and remediation services",[BS56200],373,205,,,
2,"Educational services",[BS61000],374,214,,,
2,"Health care and social assistance",[BS62000],375,216,,,
2,"Arts, entertainment and recreation",[BS71000],376,222,,,
2,"Accommodation and food services",[BS72000],377,226,,,
2,"Repair and maintenance",[BS81100],378,230,,,
2,"Personal services and private households",[BS81A00],379,230,,,
2,"Professional and similar organizations",[BS81300],380,230,,,
2,"Repair and maintenance",[FC11000],381,238,,,
2,"Operating supplies",[FC12000],382,238,,,
2,"Office supplies",[FC13000],383,238,,,
2,"Advertising, promotion, meals, entertainment, and travel",[FC20000],384,242,,,
2,"Advertising, promotion, meals, entertainment, and travel",[FC200000],385,384,,,
2,"Transportation margins",[FC30000],386,245,,,
2,"Educational services",[NP61000],387,247,,,
2,"Social assistance",[NP62400],388,247,,,
2,"Arts, entertainment and recreation",[NP71000],389,247,,,
2,"Religious organizations",[NP81310],390,247,,,
2,"Miscellaneous non-profit institutions serving households",[NPA0000],391,247,,,
2,"Miscellaneous non-profit institutions serving households",[NPA00000],392,391,,,
2,"Educational services (except universities)",[GS611B0],393,255,,,
2,Universities,[GS61130],394,255,,,
2,Hospitals,[GS62200],395,260,,,
2,"Nursing and residential care facilities",[GS62300],396,260,,,
2,"Other federal government services",[GS91100],397,263,,,
2,"Other provincial and territorial government services",[GS91200],398,266,,,
2,"Other municipal government services",[GS91300],399,268,,,
2,"Other aboriginal government services",[GS91400],400,270,,,
2,"Miscellaneous chemical product manufacturing",[BS325C0],401,46,,,
2,"Resin, synthetic rubber and fibres, and paint manufacturing",[BS325B00],402,401,,,
2,"Animal production (except aquaculture)",[BS112A00],403,5,,,
2,Aquaculture,[BS112500],404,5,,,
2,"Resin, synthetic rubber, and artificial and synthetic fibres and filaments manufacturing",[BS325200],405,402,,,
2,"Paint, coating and adhesive manufacturing",[BS325500],406,402,,,
2,"Postal service",[BS491000],407,163,,,
2,"Couriers and messengers",[BS492000],408,163,,,
2,"Cannabis production (licensed)",[BS111CL],409,2,,,
2,"Cannabis production (licensed)",[BS111CL0],410,409,,,
2,"Cannabis production (unlicensed)",[BS111CU],411,2,,,
2,"Cannabis production (unlicensed)",[BS111CU0],412,411,,,
2,"Cannabis stores (licensed)",[BS453BL],413,139,,,
2,"Cannabis stores (licensed)",[BS453BL0],414,413,,,
2,"Cannabis stores (unlicensed)",[BS453BU],415,139,,,
2,"Cannabis stores (unlicensed)",[BS453BU0],416,415,,,

Symbol Legend
Description,Symbol
"not available for a specific reference period",..
"less than the limit of detection",<LOD
"value rounded to 0 (zero) where there is a meaningful distinction between true zero and the value that was rounded",0s
"data quality: excellent",A
"data quality: very good",B
"data quality: good",C
"data quality: acceptable",D
"use with caution",E
"too unreliable to be published.",F
"not applicable",...
preliminary,p
revised,r
"suppressed to meet the confidentiality requirements of the Statistics Act",x
terminated,t

"Survey Code","Survey Name"
1303,"Gross Domestic Product by Industry - Provincial and Territorial (Annual)"

"Subject Code","Subject Name"
36,"Economic accounts"

"Note ID",Note
1,"This table replaces table 36-10-0408. Data in this table are not fully comparable with those previously published."
2,"The industries in this table are based on the Input-Output Industry Classification (IOIC). This classification has four levels of hierarchy, consisting of the Detail level, Link-1997 level, Link-1961 level and Summary level. The classification is available upon request."
3,"The information contained within this table is based on the 2015 comprehensive revision of the Canadian System of Macroeconomic Accounts. More information about these changes is available at the following link: <a href=""http://www.statcan.gc.ca/pub/13-605-x/2015003/article/14153-eng.htm"">A preview of the 2015 comprehensive revision of the Canadian System of Macroeconomic Accounts</a>."
4,"A statistical break was introduced for industry 5121A estimates in reference year 2014 resulting from refinements to the provincial allocation process. Users are advised to use caution when examining growth rates."
5,"Effective with the May 1, 2019 release, estimates of gross domestic product (GDP) by industry include estimates of the licensed and unlicensed economic activities related to cannabis production, distribution and consumption for non-medical and medical use. This is reflected in the introduction of new industries in the agriculture and retail sectors covering licensed and unlicensed activities back to the beginning of the current series in 1997. For more information, please read the article ""<a href=""https://www150.statcan.gc.ca/n1/pub/13-605-x/2018001/article/54969-eng.htm"">Integrating the production, distribution and consumption of cannabis in the Canadian national economic accounts</a>""."

"Correction ID","Correction Date","Correction Note"

