﻿"Cube Title","Product Id","CANSIM Id",URL,"Cube Notes","Archive Status",Frequency,"Start Reference Period","End Reference Period","Total number of dimensions"
"Gross domestic product, income-based, quarterly",36100103,380-0063,"https://www150.statcan.gc.ca/t1/tbl1/en/tv.action?pid=3610010301",,"CURRENT - a cube available to the public and that is current",Quarterly,1961-01-01,2018-10-01,3

"Dimension ID","Dimension name","Dimension Notes","Dimension Definitions"
1,Geography,,
2,"Seasonal adjustment",,
3,Estimates,,

"Dimension ID","Member Name","Classification Code","Member ID","Parent Member ID",Terminated,"Member Notes","Member Definitions"
1,Canada,[11124],1,,,,
2,"Seasonally adjusted at annual rates",,1,,,,
2,Unadjusted,,2,,,,
3,"Compensation of employees",,1,,,,
3,"Wages and salaries",,2,1,,,
3,"Employers' social contributions",,3,1,,,
3,"Gross operating surplus",,4,,,,
3,"Net operating surplus: corporations",,5,4,,,
3,"Consumption of fixed capital: corporations",,6,4,,,
3,"Consumption of fixed capital: general governments and non-profit institutions serving households",,7,4,,,
3,"Gross mixed income",,8,,,,
3,"Net mixed income",,9,8,,,
3,"Consumption of fixed capital: unincorporated businesses",,10,8,,,
3,"Taxes less subsidies on production",,11,,,,
3,"Taxes less subsidies on products and imports",,12,,,,
3,"Statistical discrepancy",,13,,,,
3,"Gross domestic product at market prices",,14,,,,

Symbol Legend
Description,Symbol
"not available for a specific reference period",..
"less than the limit of detection",<LOD
"value rounded to 0 (zero) where there is a meaningful distinction between true zero and the value that was rounded",0s
"data quality: excellent",A
"data quality: very good",B
"data quality: good",C
"data quality: acceptable",D
"use with caution",E
"too unreliable to be published.",F
"not applicable",...
preliminary,p
revised,r
"suppressed to meet the confidentiality requirements of the Statistics Act",x
terminated,t

"Survey Code","Survey Name"
1901,"National Gross Domestic Product by Income and by Expenditure Accounts"

"Subject Code","Subject Name"
36,"Economic accounts"

"Note ID",Note

"Correction ID","Correction Date","Correction Note"

